variant,count,percentage
們,0,0.0
弭,0,0.0
彌,0,0.0
偉,0,0.0
懣,0,0.0
滿,4,19.047619047619047
瞞,0,0.0
門,16,76.19047619047619
每,1,4.761904761904762
輩,0,0.0
